,texta,textb
0,有我们不行大学生活才四年，稍,坊人民的经济和生活带来了巨大
1,热，实际上大家生活并没有太多,老师都在正常的生活，只有高校
2,了两年了，大学生活已经被榨干,起了自己的大学生活……30日
3,易被环境麻痹 生活就是这样 ,  为啥深圳慢生活就没啥人抱
4,徽大学生的封校生活合肥高,徽大学生的封校生活
5,不出。保障基本生活必需的外卖,控期间在校学习生活健康指南
6,复正常社会生产生活秩序， ,了。因为在现实生活中（不是在
7,都不开门，日常生活都受影响。,想哇哇大哭感觉生活没法继续下
8,旦•生活 “寝,封闭管理，农村生活还是蛮不错
9,区流动；各类非生活必须的营业,公寓、二区学生生活区和  
10,海人想过正常的生活，想出去看,能在一个区域内生活看着别人随
11,复正常社会生产生活秩序，最大,富同学们的在校生活，有效疏解
12,资和居民急需的生活用品很大程,徽大学生的封校生活合肥学
13,资和居民急需的生活用品很大程,？学生也有很多生活需求是在学
14,么啊？普通人的生活完全被打乱,大楼依然封着 生活还要继续 
15,友，抢着给我送生活必须用品！,候能结束 我的生活啥时候能回
16,复正常社会生产生活秩序，最大,20年在湖北的生活。虽然目前
17,派一人可以采购生活物资，20,海洋大学海大生活图鉴 疫
18,上了与世隔离的生活。实际上，,上海生活吉吉的
19,徽大学生的封校生活所以就大,不动封闭管理的生活了！！！ 
20,美团上买自己的生活用品，还警,够健康、正常的生活。而且封闭
21,徽大学生的封校生活合肥高,够健康、正常的生活。而且封闭
22,理期间娱乐文化生活，营造一个,可能不影响公众生活”，实际上
23,，影响学生正常生活的问题。 ,公寓、二区学生生活区和“五基
24,旦•生活 气泡,李园学生公寓学生活动场所，桃
25,派一人可以采购生活物资，20,代大学生封校的生活汕头70
26,旦•生活 气泡,待早日恢复正常生活    
27,封闭管理之校园生活日记》 ,代大学生封校的生活清远大学
28,疫情反复的隔离生活和空难这种,生 万物有光生活需要仪式感
29,就没有影响人民生活和市场经济,是很向往之前的生活的，封闭管
30,式管理的工作与生活的第七天。,特殊时期的城市生活，看深圳是
31,的日子有点闷，生活补给一靠抢,孩”过得好吗？生活保障如何？
32,舞台？戏剧就是生活！3月2,染者自述隔离点生活防疫隔
33,时起，住院患者生活必需品可于,万的防疫物资和生活物资，支援
34,常的教学秩序和生活秩序。O,庭两点一线简单生活轨迹学
35,人一起这种集体生活从毕业到现,"不容易都是为了生活…”
“多"
36,，这算什么大学生活。   ,到疫情爆发前的生活了，所以我
37,，买菜买不到，生活基本水平维,早日过上正常的生活    
38,旦•生活 准封,康，绿色环保的生活吧～爱国
39,到位，确保职工生活，确保稳定,区和人群的正常生活。』  
40,始恢复线下生产生活教学了，上,切？所以我们是生活在文明社 
41,证小区居民正常生活，但是先把,说货车司机为了生活不容易，那
42,徽大学生的封校生活合肥高,肉蛋菜奶等群众生活必需品价格
43,多更新一些校园生活视频，看到,染者自述隔离点生活超市防
44,学3万名学生的生活起居，30,何购买粮油菜等生活用品的信息
45,"常的教学秩序和生活秩序。

",代大学生封校的生活广州高
46,秩序，忙通宵。生活，其实真的,青旅漫游 放肆生活 岛城
47,控、管控管理。生活必需品经营,生的心理需求、生活需求和就医
48,徽大学生的封校生活除了学生,：山 东 省 生活 必 需 
49,记录生活 封闭管,染者自述隔离点生活疫情仍
50,理”，出现任何生活上的困难都,疫情 徐州生活 徐州
51,前体验一下老年生活📷|@河北,大的影响，你在生活中会有哪些
52,旦•生活 周末,出去买菜，解决生活必须的地区
53,们的日常学习和生活产生了不少,代大学生封校的生活广州高
54,这给独居老人的生活带来了很多,病人怎么配药？生活采买怎么解
55,快乐学习、健康生活带来不一样,没了 我们日常生活咋办😅我真
56,学3万名学生的生活起居，30,么做的？ 没有生活基本物质？
57,海zf你给我发生活费吗？对了,康桥镇居民怎么生活？   
58,学3万名学生的生活起居，30,序恢复正常生产生活秩序自
59,，不能满足日常生活    ,轨迹，都是为了生活而奔波的普
60,牺牲百姓的日常生活    ,同的国内外城市生活过（超过半
61,下学生的每一个生活需求   ,就是等着把你所生活的国家变成
62,这给独居老人的生活带来了很多,序恢复正常生产生活秩序关
63,了些文字，记录生活。   ,便了人们的日常生活。近期多地
64,是保障市民居家生活供应的，就,还尽是核心区，生活不要太精彩
65,啡，还是幸运和生活安排合理的,商场，视察了解生活物资供应保
66,里，找到诗意的生活，找到继续,青旅漫游 放肆生活 岛城
67,多日没人处理！生活基本物资多,会影响正常生产生活。 但是如
68,徽大学生的封校生活合肥各,步有序恢复生产生活。中国电信
69,是。在这个城市生活了好多年，,学子“云唱”《生活总该迎着光
70,控、管控管理。生活必需品经营,支援长春市防疫生活物资供应。
71,徽大学生的封校生活合肥各,，留学生的奢华生活啊，回国后
72,码和测量体温。生活区实行物业,海封校珠海生活珠海
73,卖骑手成为居民生活物资配送“,序恢复正常生产生活秩序，3月
74,后点对点再送回生活区隔离楼等,封控区域内家里生活物资紧缺，
75,控、管控管理。生活必需品经营,习惯两点一线的生活，认真对待
76,控、管控管理。生活必需品经营, 🌸三月の大学生活封校封得行
77,这样过着高中的生活确实很难受,疫物资、食品及生活物资共42
78,步恢复全市生产生活正常秩序作,障正常的生产、生活秩序，根据
79,早恢复正常生产生活秩序，请广,品等防疫物资和生活物资，从西
80,生留在校园学习生活。抓实抓细,疫情期间的文化生活，上海广播
81,式管理下的学校生活原来也可以,上就要开始隔离生活了。我听说
82,区居民解决实际生活遇到的问题,在上海经历隔离生活的@秋微 
83,式管理下的学校生活原来也可以,9月份。香港生活 民生
84,何购买粮油菜等生活用品的信息,狗生疫情改变生活，狗狗都憋
85,式管理下的学校生活原来也可以,民对蔬菜粮油等生活必需品和防
86,"做了核酸。

生活还是那样平",依旧饱含热情去生活🌻。看，运
87,徽大学生的封校生活？？？,障正常的生产、生活秩序，根据
88,徽大学生的封校生活 对外：,接给自己的正常生活带来的不便
89,"情！
恢复生产生活。。
喵的",幻电影还是现实生活？这条在中
90,小区封闭，所以生活物资是当前,人们的习惯，但生活中的一些小
91,持续实施厂区及生活区封闭管理,价，尽可能减少生活的影响，上
92,定控制期，生产生活秩序正在有,工作，丰富用户生活，现在电
93,旦·生活 导师,助快递、药品、生活用品、防疫
94,视师生恢复正常生活的诉求，我,政府安排有序，生活有保障，采
95,刘海太长了学习生活都受影响，,筛查期间的市民生活保障服务，
96,生留在校园学习生活。抓实抓细,诊就封城，一切生活为此停摆，
97,家开启小窝独居生活一份清爽的,行与人民群众的生活就医的影响
98,。精心做好师生生活服务保障。,   『老百姓生活被封控扰乱
99,求，给学生提供生活暖心服务，,6车100余吨生活、防疫物资
100,理安排学生假期生活，建立学生,货车司机“为了生活”不遵守防
101,，服务上门”的生活。   ,域逐步恢复正常生活。在29号
102,徽大学生的封校生活安徽高,海全力做好市民生活服务保障
103,早恢复正常生产生活秩序，请广,政银川 @银川生活 @银川发
104,闭式管理的住宿生活。在校生活,通快递 真的对生活有很大影响
105,管理中的一员。生活的质变是从,代大学生封校的生活广州高
106,家，想要正常的生活。封闭管理,代大学生封校的生活广东高
107,闭管理珠海生活珠海爆,海全力做好市民生活服务保障
108,存款的人要怎么生活？ 虽然人,生就没有自己的生活了 把学生
109,一个幸福的大学生活也是可以的,国近日，兰州生活段兰州北公
110,经贸大学校园生活反对河,一次走进人们的生活。最近几天
111,一切都会过去，生活还要继续，,尽快的回归正常生活！甚至有余
112,极大的方便学生生活与娱乐，节,00万元防疫和生活物资后，辛
113,早点恢复正常的生活！   ,众、低保户送来生活物品、防疫
114,同学们的学习、生活如何？3月, 吉林市建立生活物资中转站
115,徽大学生的封校生活合肥高,要做好老百姓的生活后勤保障！
116,政府已积极准备生活物资，畅通,，疫情后本来就生活艰难的老百
117,：杭州日报 L生活吐槽哥的微,肉蛋菜奶等群众生活必需品价格
118,楼栋组建“居民生活服务互助小,的伤害大于疫的生活    
119,开大家又要怎么生活啊可不可以,要做好老百姓的生活后勤保障！
120,复社会正常生产生活秩序  ,情影响到大家的生活还不能埋怨
121,由、出行自由、生活自由。。。,代大学生封校的生活汕头大
122,与我文子的幸福生活 自从16,已经常态化了，生活都没有影响
123,的很羡慕那样的生活好想在这样,花开时 愿大家生活早日恢复正
124,窗口供居民采购生活物资。19,青旅漫游 放肆生活 岛城
125,就没有了学习和生活的奔头每 ,运输安全，保障生活防疫物资及
126,一次走进人们的生活。最近几天,何购买粮油菜等生活用品的信息
127,安稳的封闭管理生活，不觉得愧,是普通老百姓的生活就不要继续
128,下大学生的日常生活与心里健康,"防疫物资和居民生活用品。

"
129, 独居老人生活难自理，社,疫情 徐州生活 徐州
130,乱了人们正常的生活秩序，疫情,做好抗疫物资、生活物资和重点
131,封闭”管理期间生活如此多“焦,康，绿色环保的生活吧～爱国
132,徽大学生的封校生活 合肥,成都生活疫情
133,第二十天 接受生活的不确定 ,月甚至一个月的生活费，打市长
134,，除了买菜之类生活必需品场所,更加热爱，我为生活在这样一个
135,乱了泉州人民的生活节奏。如何,"不容易都是为了生活…”
“多"
